{"trading_mode":"spot","stake_currency":"USDT","stake_amount":100,"tradable_balance_ratio":0.99,"fiat_display_currency":"USD","dry_run":true,"timeframe":"3m","dry_run_wallet":1000,"cancel_open_orders_on_exit":false,"unfilledtimeout":{"entry":10,"exit":10},"entry_pricing":{"price_side":"same","use_order_book":true,"order_book_top":1,"price_last_balance":0.0,"check_depth_of_market":{"enabled":false,"bids_to_ask_delta":1}},"exit_pricing":{"price_side":"same","use_order_book":true,"order_book_top":1},"exchange":{"name":"binance","key":"REDACTED","secret":"REDACTED","ccxt_config":{},"ccxt_async_config":{},"pair_whitelist":["BTC/USDT","ETH/USDT","ADA/USDT","SOL/USDT"],"pair_blacklist":["BNB/.*",".*/BTC"]},"pairlists":[{"method":"StaticPairList"}],"freqai":{"enabled":true,"purge_old_models":true,"train_period_days":30,"backtest_period_days":7,"live_retrain_hours":0,"identifier":"freqai_example","feature_parameters":{"include_timeframes":["3m","15m","1h"],"include_corr_pairlist":["BTC/USDT","ETH/USDT"],"label_period_candles":24,"include_shifted_candles":2,"DI_threshold":0.9,"weight_factor":0.9,"principal_component_analysis":false,"use_SVM_to_remove_outliers":true,"indicator_periods_candles":[10,20],"plot_feature_importances":0},"data_split_parameters":{"test_size":0.33,"random_state":1},"model_training_parameters":{"n_estimators":1000}},"bot_name":"freqai_example_bot","initial_state":"running","force_entry_enable":false,"internals":{"process_throttle_secs":5},"config_files":["user_data/configs/freqai_config.json"]}